timestamp,provider,base_url,model,concurrency,repetitions,requests,successes,errors,rps,tps,latency_avg_s,latency_p50_s,latency_p95_s,temperature,max_tokens,prompt_len,region,platform,cpu,ram_gb,gpu,vram_gb,python,lib_versions,commit_sha
2025-09-09T13:00:43,ollama,http://localhost:11434,hf.co/microsoft/Phi-3-mini-4k-instruct-gguf:Phi-3-mini-4k-instruct-q4.gguf,1,1,5,5,0,1.0773561465462558,77.56964255133042,0.9280452585982857,0.9272053750028135,0.9314885753949056,0.0,64,13,,mac,arm,,Apple Silicon MPS,,3.11.1,"{'httpx': '0.28.1', 'numpy': '2.2.6', 'pandas': '2.3.1'}",2b04a91
2025-09-09T13:00:49,ollama,http://localhost:11434,hf.co/microsoft/Phi-3-mini-4k-instruct-gguf:Phi-3-mini-4k-instruct-q4.gguf,2,1,5,5,0,1.0812482848499252,77.84987650919462,1.6654734250012553,1.8454472500015981,1.861253724602284,0.0,64,13,,mac,arm,,Apple Silicon MPS,,3.11.1,"{'httpx': '0.28.1', 'numpy': '2.2.6', 'pandas': '2.3.1'}",2b04a91
2025-09-09T13:00:54,ollama,http://localhost:11434,hf.co/microsoft/Phi-3-mini-4k-instruct-gguf:Phi-3-mini-4k-instruct-q4.gguf,4,1,5,5,0,1.0720271647510022,77.18595586207216,2.6191653165980826,2.814770791999763,3.732244974994683,0.0,64,13,,mac,arm,,Apple Silicon MPS,,3.11.1,"{'httpx': '0.28.1', 'numpy': '2.2.6', 'pandas': '2.3.1'}",2b04a91
2025-09-09T13:01:00,ollama,http://localhost:11434,hf.co/microsoft/Phi-3-mini-4k-instruct-gguf:Phi-3-mini-4k-instruct-q4.gguf,8,1,5,5,0,1.0848323040566907,78.10792589208174,2.769688216802024,2.7705912080054986,4.424073775002034,0.0,64,13,,mac,arm,,Apple Silicon MPS,,3.11.1,"{'httpx': '0.28.1', 'numpy': '2.2.6', 'pandas': '2.3.1'}",2b04a91
2025-09-09T13:01:06,ollama,http://localhost:11434,hf.co/microsoft/Phi-3-mini-4k-instruct-gguf:Phi-3-mini-4k-instruct-q4.gguf,16,1,5,5,0,1.0837266823896292,78.02832113205329,2.7701295999999274,2.7696012500018696,4.42834781720012,0.0,64,13,,mac,arm,,Apple Silicon MPS,,3.11.1,"{'httpx': '0.28.1', 'numpy': '2.2.6', 'pandas': '2.3.1'}",2b04a91
2025-09-09T13:01:11,ollama,http://localhost:11434,hf.co/microsoft/Phi-3-mini-4k-instruct-gguf:Phi-3-mini-4k-instruct-q4.gguf,32,1,5,5,0,1.0834176322529085,78.00606952220943,2.7738740166008937,2.7762744999999995,4.427633199800039,0.0,64,13,,mac,arm,,Apple Silicon MPS,,3.11.1,"{'httpx': '0.28.1', 'numpy': '2.2.6', 'pandas': '2.3.1'}",2b04a91
2025-09-09T13:01:17,ollama,http://localhost:11434,hf.co/microsoft/Phi-3-mini-4k-instruct-gguf:Phi-3-mini-4k-instruct-q4.gguf,64,1,5,5,0,1.0854391290410303,78.15161729095418,2.770428149800864,2.7740493750025053,4.4226789330001335,0.0,64,13,,mac,arm,,Apple Silicon MPS,,3.11.1,"{'httpx': '0.28.1', 'numpy': '2.2.6', 'pandas': '2.3.1'}",2b04a91
2025-09-09T13:01:22,ollama,http://localhost:11434,hf.co/microsoft/Phi-3-mini-4k-instruct-gguf:Phi-3-mini-4k-instruct-q4.gguf,128,1,5,5,0,1.083778429844177,78.03204694878075,2.771767558400461,2.776638292001735,4.427968500596762,0.0,64,13,,mac,arm,,Apple Silicon MPS,,3.11.1,"{'httpx': '0.28.1', 'numpy': '2.2.6', 'pandas': '2.3.1'}",2b04a91
2025-09-09T13:01:28,ollama,http://localhost:11434,hf.co/microsoft/Phi-3-mini-4k-instruct-gguf:Phi-3-mini-4k-instruct-q4.gguf,256,1,5,5,0,1.083146397465621,77.98654061752472,2.7711868251979466,2.769028167000215,4.430363250001392,0.0,64,13,,mac,arm,,Apple Silicon MPS,,3.11.1,"{'httpx': '0.28.1', 'numpy': '2.2.6', 'pandas': '2.3.1'}",2b04a91
2025-09-09T13:01:34,ollama,http://localhost:11434,hf.co/microsoft/Phi-3-mini-4k-instruct-gguf:Phi-3-mini-4k-instruct-q4.gguf,512,1,5,5,0,1.03012084517885,74.1687008528772,2.925893424799142,2.938296291002189,4.661363849996996,0.0,64,13,,mac,arm,,Apple Silicon MPS,,3.11.1,"{'httpx': '0.28.1', 'numpy': '2.2.6', 'pandas': '2.3.1'}",2b04a91
2025-09-09T13:01:40,ollama,http://localhost:11434,hf.co/microsoft/Phi-3-mini-4k-instruct-gguf:Phi-3-mini-4k-instruct-q4.gguf,1024,1,5,5,0,0.9972080999284114,71.79898319484562,2.9906079495995073,2.978475707997859,4.806161449401406,0.0,64,13,,mac,arm,,Apple Silicon MPS,,3.11.1,"{'httpx': '0.28.1', 'numpy': '2.2.6', 'pandas': '2.3.1'}",2b04a91
2025-09-09T13:01:48,ollama,http://localhost:11434,hf.co/MaziyarPanahi/Phi-3.5-mini-instruct-GGUF:Q4_K_M,1,1,5,5,0,0.9872534637090251,76.01851670559493,1.0128302829980385,1.0115640000003623,1.018835815996863,0.0,64,13,,mac,arm,,Apple Silicon MPS,,3.11.1,"{'httpx': '0.28.1', 'numpy': '2.2.6', 'pandas': '2.3.1'}",2b04a91
2025-09-09T13:01:54,ollama,http://localhost:11434,hf.co/MaziyarPanahi/Phi-3.5-mini-instruct-GGUF:Q4_K_M,2,1,5,5,0,0.9878662039946061,76.06569770758468,1.8225329747991055,2.0192284580043633,2.033879382998566,0.0,64,13,,mac,arm,,Apple Silicon MPS,,3.11.1,"{'httpx': '0.28.1', 'numpy': '2.2.6', 'pandas': '2.3.1'}",2b04a91
2025-09-09T13:02:00,ollama,http://localhost:11434,hf.co/MaziyarPanahi/Phi-3.5-mini-instruct-GGUF:Q4_K_M,4,1,5,5,0,0.9899723636200621,76.22787199874479,2.8317265666002642,3.0439487080002436,4.042676974998903,0.0,64,13,,mac,arm,,Apple Silicon MPS,,3.11.1,"{'httpx': '0.28.1', 'numpy': '2.2.6', 'pandas': '2.3.1'}",2b04a91
2025-09-09T13:02:06,ollama,http://localhost:11434,hf.co/MaziyarPanahi/Phi-3.5-mini-instruct-GGUF:Q4_K_M,8,1,5,5,0,1.0103635004976501,77.79798953831906,2.9745309664009256,2.966692415997386,4.750620916804473,0.0,64,13,,mac,arm,,Apple Silicon MPS,,3.11.1,"{'httpx': '0.28.1', 'numpy': '2.2.6', 'pandas': '2.3.1'}",2b04a91
2025-09-09T13:02:12,ollama,http://localhost:11434,hf.co/MaziyarPanahi/Phi-3.5-mini-instruct-GGUF:Q4_K_M,16,1,5,5,0,1.0253650009570634,78.95310507369389,2.9605071669997414,2.988182749999396,4.689072642002429,0.0,64,13,,mac,arm,,Apple Silicon MPS,,3.11.1,"{'httpx': '0.28.1', 'numpy': '2.2.6', 'pandas': '2.3.1'}",2b04a91
2025-09-09T13:02:17,ollama,http://localhost:11434,hf.co/MaziyarPanahi/Phi-3.5-mini-instruct-GGUF:Q4_K_M,32,1,5,5,0,1.077603209105875,82.97544710115237,2.799004991599941,2.8092192499971134,4.455723433395906,0.0,64,13,,mac,arm,,Apple Silicon MPS,,3.11.1,"{'httpx': '0.28.1', 'numpy': '2.2.6', 'pandas': '2.3.1'}",2b04a91
2025-09-09T13:02:23,ollama,http://localhost:11434,hf.co/MaziyarPanahi/Phi-3.5-mini-instruct-GGUF:Q4_K_M,64,1,5,5,0,1.0862001271538584,83.63740979084709,2.7610702082005445,2.755292708003253,4.4183561250029015,0.0,64,13,,mac,arm,,Apple Silicon MPS,,3.11.1,"{'httpx': '0.28.1', 'numpy': '2.2.6', 'pandas': '2.3.1'}",2b04a91
2025-09-09T13:02:29,ollama,http://localhost:11434,hf.co/MaziyarPanahi/Phi-3.5-mini-instruct-GGUF:Q4_K_M,128,1,5,5,0,1.0768264814462867,82.91563907136408,2.7777404665990617,2.7813138330020593,4.453109774798213,0.0,64,13,,mac,arm,,Apple Silicon MPS,,3.11.1,"{'httpx': '0.28.1', 'numpy': '2.2.6', 'pandas': '2.3.1'}",2b04a91
2025-09-09T13:02:34,ollama,http://localhost:11434,hf.co/MaziyarPanahi/Phi-3.5-mini-instruct-GGUF:Q4_K_M,256,1,5,5,0,1.0781225573015902,83.01543691222244,2.7866862752009185,2.7919556250053574,4.453763416799483,0.0,64,13,,mac,arm,,Apple Silicon MPS,,3.11.1,"{'httpx': '0.28.1', 'numpy': '2.2.6', 'pandas': '2.3.1'}",2b04a91
2025-09-09T13:02:40,ollama,http://localhost:11434,hf.co/MaziyarPanahi/Phi-3.5-mini-instruct-GGUF:Q4_K_M,512,1,5,5,0,1.0903142352067583,83.95419611092039,2.7507981580012713,2.7504882080029347,4.400124790999689,0.0,64,13,,mac,arm,,Apple Silicon MPS,,3.11.1,"{'httpx': '0.28.1', 'numpy': '2.2.6', 'pandas': '2.3.1'}",2b04a91
2025-09-09T13:02:45,ollama,http://localhost:11434,hf.co/MaziyarPanahi/Phi-3.5-mini-instruct-GGUF:Q4_K_M,1024,1,5,5,0,1.0846103247506753,83.514995005802,2.7571599831993807,2.7494257500002277,4.421396408599684,0.0,64,13,,mac,arm,,Apple Silicon MPS,,3.11.1,"{'httpx': '0.28.1', 'numpy': '2.2.6', 'pandas': '2.3.1'}",2b04a91
2025-09-09T13:02:53,ollama,http://localhost:11434,hf.co/MaziyarPanahi/Phi-4-mini-instruct-GGUF:Q4_K_M,1,1,5,5,0,1.0059034714399664,71.41914647223761,0.9939461668021977,0.9958619169992744,1.0012027416043565,0.0,64,13,,mac,arm,,Apple Silicon MPS,,3.11.1,"{'httpx': '0.28.1', 'numpy': '2.2.6', 'pandas': '2.3.1'}",2b04a91
2025-09-09T13:02:59,ollama,http://localhost:11434,hf.co/MaziyarPanahi/Phi-4-mini-instruct-GGUF:Q4_K_M,2,1,5,5,0,1.031119699425806,73.20949865923222,1.7476525749996654,1.9265168749989243,1.9564159502013354,0.0,64,13,,mac,arm,,Apple Silicon MPS,,3.11.1,"{'httpx': '0.28.1', 'numpy': '2.2.6', 'pandas': '2.3.1'}",2b04a91
2025-09-09T13:03:05,ollama,http://localhost:11434,hf.co/MaziyarPanahi/Phi-4-mini-instruct-GGUF:Q4_K_M,4,1,5,5,0,1.0239126786810675,72.69780018635579,2.7418644585995935,2.961734875003458,3.902242558996659,0.0,64,13,,mac,arm,,Apple Silicon MPS,,3.11.1,"{'httpx': '0.28.1', 'numpy': '2.2.6', 'pandas': '2.3.1'}",2b04a91
2025-09-09T13:03:11,ollama,http://localhost:11434,hf.co/MaziyarPanahi/Phi-4-mini-instruct-GGUF:Q4_K_M,8,1,5,5,0,1.0342744593104651,73.43348661104302,2.9152763917998525,2.9202174589954666,4.642138867003086,0.0,64,13,,mac,arm,,Apple Silicon MPS,,3.11.1,"{'httpx': '0.28.1', 'numpy': '2.2.6', 'pandas': '2.3.1'}",2b04a91
2025-09-09T13:03:17,ollama,http://localhost:11434,hf.co/MaziyarPanahi/Phi-4-mini-instruct-GGUF:Q4_K_M,16,1,5,5,0,1.037318734386462,73.6496301414388,2.913372433198674,2.9100270829949295,4.629811441800848,0.0,64,13,,mac,arm,,Apple Silicon MPS,,3.11.1,"{'httpx': '0.28.1', 'numpy': '2.2.6', 'pandas': '2.3.1'}",2b04a91
2025-09-09T13:03:23,ollama,http://localhost:11434,hf.co/MaziyarPanahi/Phi-4-mini-instruct-GGUF:Q4_K_M,32,1,5,5,0,1.0367773166393865,73.61118948139644,2.906979399798729,2.905601749997004,4.629933132795849,0.0,64,13,,mac,arm,,Apple Silicon MPS,,3.11.1,"{'httpx': '0.28.1', 'numpy': '2.2.6', 'pandas': '2.3.1'}",2b04a91
2025-09-09T13:03:28,ollama,http://localhost:11434,hf.co/MaziyarPanahi/Phi-4-mini-instruct-GGUF:Q4_K_M,64,1,5,5,0,1.0276102783248644,72.96032976106538,2.922160925201024,2.914112792001106,4.664882200401917,0.0,64,13,,mac,arm,,Apple Silicon MPS,,3.11.1,"{'httpx': '0.28.1', 'numpy': '2.2.6', 'pandas': '2.3.1'}",2b04a91
2025-09-09T13:03:34,ollama,http://localhost:11434,hf.co/MaziyarPanahi/Phi-4-mini-instruct-GGUF:Q4_K_M,128,1,5,5,0,1.0193484484114932,72.37373983721601,2.963505958400492,2.9917048750066897,4.713470658597362,0.0,64,13,,mac,arm,,Apple Silicon MPS,,3.11.1,"{'httpx': '0.28.1', 'numpy': '2.2.6', 'pandas': '2.3.1'}",2b04a91
2025-09-09T13:03:40,ollama,http://localhost:11434,hf.co/MaziyarPanahi/Phi-4-mini-instruct-GGUF:Q4_K_M,256,1,5,5,0,1.0258064083596214,72.83225499353311,2.9477508751966526,2.9523244999945746,4.683678483596304,0.0,64,13,,mac,arm,,Apple Silicon MPS,,3.11.1,"{'httpx': '0.28.1', 'numpy': '2.2.6', 'pandas': '2.3.1'}",2b04a91
2025-09-09T13:03:46,ollama,http://localhost:11434,hf.co/MaziyarPanahi/Phi-4-mini-instruct-GGUF:Q4_K_M,512,1,5,5,0,1.0354810248864557,73.51915276693836,2.9115121245995397,2.909055290998367,4.635346515997662,0.0,64,13,,mac,arm,,Apple Silicon MPS,,3.11.1,"{'httpx': '0.28.1', 'numpy': '2.2.6', 'pandas': '2.3.1'}",2b04a91
2025-09-09T13:03:52,ollama,http://localhost:11434,hf.co/MaziyarPanahi/Phi-4-mini-instruct-GGUF:Q4_K_M,1024,1,5,5,0,1.0378529533934269,73.6875596909333,2.902934216801077,2.900118999998085,4.624097833203268,0.0,64,13,,mac,arm,,Apple Silicon MPS,,3.11.1,"{'httpx': '0.28.1', 'numpy': '2.2.6', 'pandas': '2.3.1'}",2b04a91
2025-09-09T13:03:56,ollama,http://localhost:11434,hf.co/bartowski/Llama-3.2-3B-Instruct-GGUF:Q4_K_M,1,1,5,5,0,3.149412043474973,122.82706969552393,0.31743250000290574,0.31783866600017063,0.3189923584024655,0.0,64,13,,mac,arm,,Apple Silicon MPS,,3.11.1,"{'httpx': '0.28.1', 'numpy': '2.2.6', 'pandas': '2.3.1'}",2b04a91
2025-09-09T13:03:58,ollama,http://localhost:11434,hf.co/bartowski/Llama-3.2-3B-Instruct-GGUF:Q4_K_M,2,1,5,5,0,3.383759717786666,131.96662899368,0.5319533084009891,0.580640542000765,0.5976329172000987,0.0,64,13,,mac,arm,,Apple Silicon MPS,,3.11.1,"{'httpx': '0.28.1', 'numpy': '2.2.6', 'pandas': '2.3.1'}",2b04a91
2025-09-09T13:03:59,ollama,http://localhost:11434,hf.co/bartowski/Llama-3.2-3B-Instruct-GGUF:Q4_K_M,4,1,5,5,0,3.388181784762936,132.1390896057545,0.8343493166015833,0.8997188749999623,1.1772519082034705,0.0,64,13,,mac,arm,,Apple Silicon MPS,,3.11.1,"{'httpx': '0.28.1', 'numpy': '2.2.6', 'pandas': '2.3.1'}",2b04a91
2025-09-09T13:04:01,ollama,http://localhost:11434,hf.co/bartowski/Llama-3.2-3B-Instruct-GGUF:Q4_K_M,8,1,5,5,0,3.3684416666526302,131.36922499945257,0.9039476916004787,0.9019210830010707,1.4242413248022785,0.0,64,13,,mac,arm,,Apple Silicon MPS,,3.11.1,"{'httpx': '0.28.1', 'numpy': '2.2.6', 'pandas': '2.3.1'}",2b04a91
2025-09-09T13:04:03,ollama,http://localhost:11434,hf.co/bartowski/Llama-3.2-3B-Instruct-GGUF:Q4_K_M,16,1,5,5,0,3.3346250381439275,130.05037648761316,0.9154390833995422,0.9201503340009367,1.439695133200439,0.0,64,13,,mac,arm,,Apple Silicon MPS,,3.11.1,"{'httpx': '0.28.1', 'numpy': '2.2.6', 'pandas': '2.3.1'}",2b04a91
2025-09-09T13:04:05,ollama,http://localhost:11434,hf.co/bartowski/Llama-3.2-3B-Instruct-GGUF:Q4_K_M,32,1,5,5,0,3.3697300686062674,131.41947267564444,0.9067616419983097,0.9115887089938042,1.4264629255994805,0.0,64,13,,mac,arm,,Apple Silicon MPS,,3.11.1,"{'httpx': '0.28.1', 'numpy': '2.2.6', 'pandas': '2.3.1'}",2b04a91
2025-09-09T13:04:07,ollama,http://localhost:11434,hf.co/bartowski/Llama-3.2-3B-Instruct-GGUF:Q4_K_M,64,1,5,5,0,3.3717340119853856,131.49762646743002,0.9088030418002745,0.9102466669937712,1.4257985919975908,0.0,64,13,,mac,arm,,Apple Silicon MPS,,3.11.1,"{'httpx': '0.28.1', 'numpy': '2.2.6', 'pandas': '2.3.1'}",2b04a91
2025-09-09T13:04:08,ollama,http://localhost:11434,hf.co/bartowski/Llama-3.2-3B-Instruct-GGUF:Q4_K_M,128,1,5,5,0,3.3535359662834603,130.78790268505495,0.9087978002004092,0.9036835000006249,1.4304824832026497,0.0,64,13,,mac,arm,,Apple Silicon MPS,,3.11.1,"{'httpx': '0.28.1', 'numpy': '2.2.6', 'pandas': '2.3.1'}",2b04a91
2025-09-09T13:04:10,ollama,http://localhost:11434,hf.co/bartowski/Llama-3.2-3B-Instruct-GGUF:Q4_K_M,256,1,5,5,0,3.3855847556495484,132.0378054703324,0.9007335497997702,0.8979335829935735,1.4194659168017096,0.0,64,13,,mac,arm,,Apple Silicon MPS,,3.11.1,"{'httpx': '0.28.1', 'numpy': '2.2.6', 'pandas': '2.3.1'}",2b04a91
2025-09-09T13:04:12,ollama,http://localhost:11434,hf.co/bartowski/Llama-3.2-3B-Instruct-GGUF:Q4_K_M,512,1,5,5,0,3.35577667376909,130.87529027699452,0.9106339247999131,0.9080889580000076,1.4316224163980222,0.0,64,13,,mac,arm,,Apple Silicon MPS,,3.11.1,"{'httpx': '0.28.1', 'numpy': '2.2.6', 'pandas': '2.3.1'}",2b04a91
2025-09-09T13:04:14,ollama,http://localhost:11434,hf.co/bartowski/Llama-3.2-3B-Instruct-GGUF:Q4_K_M,1024,1,5,5,0,3.269404220550661,127.50676460147578,0.9482703918009066,0.9468503329990199,1.4710929256034433,0.0,64,13,,mac,arm,,Apple Silicon MPS,,3.11.1,"{'httpx': '0.28.1', 'numpy': '2.2.6', 'pandas': '2.3.1'}",2b04a91
2025-09-09T13:04:17,ollama,http://localhost:11434,hf.co/tiiuae/Falcon3-3B-Instruct-GGUF:Q4_K_M,1,1,5,5,0,3.3037693681408693,148.66962156633912,0.302558291600144,0.3021910419993219,0.30397129979974125,0.0,64,13,,mac,arm,,Apple Silicon MPS,,3.11.1,"{'httpx': '0.28.1', 'numpy': '2.2.6', 'pandas': '2.3.1'}",2b04a91
2025-09-09T13:04:19,ollama,http://localhost:11434,hf.co/tiiuae/Falcon3-3B-Instruct-GGUF:Q4_K_M,2,1,5,5,0,3.422179775288348,153.99808988797565,0.5261137082008644,0.5710991250016377,0.5955079331964953,0.0,64,13,,mac,arm,,Apple Silicon MPS,,3.11.1,"{'httpx': '0.28.1', 'numpy': '2.2.6', 'pandas': '2.3.1'}",2b04a91
2025-09-09T13:04:21,ollama,http://localhost:11434,hf.co/tiiuae/Falcon3-3B-Instruct-GGUF:Q4_K_M,4,1,5,5,0,3.4449521769580693,155.02284796311312,0.8221138414010056,0.8890821250024601,1.1604930416011485,0.0,64,13,,mac,arm,,Apple Silicon MPS,,3.11.1,"{'httpx': '0.28.1', 'numpy': '2.2.6', 'pandas': '2.3.1'}",2b04a91
2025-09-09T13:04:23,ollama,http://localhost:11434,hf.co/tiiuae/Falcon3-3B-Instruct-GGUF:Q4_K_M,8,1,5,5,0,3.4702692920400064,156.1621181418003,0.8739994251969619,0.8758576249965699,1.3825292420006008,0.0,64,13,,mac,arm,,Apple Silicon MPS,,3.11.1,"{'httpx': '0.28.1', 'numpy': '2.2.6', 'pandas': '2.3.1'}",2b04a91
2025-09-09T13:04:25,ollama,http://localhost:11434,hf.co/tiiuae/Falcon3-3B-Instruct-GGUF:Q4_K_M,16,1,5,5,0,3.5064990614333773,157.792457764502,0.8656060086010257,0.8647343750053551,1.3695332254021195,0.0,64,13,,mac,arm,,Apple Silicon MPS,,3.11.1,"{'httpx': '0.28.1', 'numpy': '2.2.6', 'pandas': '2.3.1'}",2b04a91
2025-09-09T13:04:26,ollama,http://localhost:11434,hf.co/tiiuae/Falcon3-3B-Instruct-GGUF:Q4_K_M,32,1,5,5,0,3.504162726308936,157.68732268390212,0.8679587329999776,0.8654819580042385,1.3705318413994974,0.0,64,13,,mac,arm,,Apple Silicon MPS,,3.11.1,"{'httpx': '0.28.1', 'numpy': '2.2.6', 'pandas': '2.3.1'}",2b04a91
2025-09-09T13:04:28,ollama,http://localhost:11434,hf.co/tiiuae/Falcon3-3B-Instruct-GGUF:Q4_K_M,64,1,5,5,0,3.4948452779553354,157.26803750799007,0.8691092250010115,0.8691915829986101,1.374199541802227,0.0,64,13,,mac,arm,,Apple Silicon MPS,,3.11.1,"{'httpx': '0.28.1', 'numpy': '2.2.6', 'pandas': '2.3.1'}",2b04a91
2025-09-09T13:04:30,ollama,http://localhost:11434,hf.co/tiiuae/Falcon3-3B-Instruct-GGUF:Q4_K_M,128,1,5,5,0,3.377087819698148,151.96895188641668,0.9056958079978358,0.9165544159986894,1.4184142827973119,0.0,64,13,,mac,arm,,Apple Silicon MPS,,3.11.1,"{'httpx': '0.28.1', 'numpy': '2.2.6', 'pandas': '2.3.1'}",2b04a91
2025-09-09T13:04:32,ollama,http://localhost:11434,hf.co/tiiuae/Falcon3-3B-Instruct-GGUF:Q4_K_M,256,1,5,5,0,3.4554515838904516,155.49532127507032,0.8777019663990359,0.8794552909967024,1.385666649797349,0.0,64,13,,mac,arm,,Apple Silicon MPS,,3.11.1,"{'httpx': '0.28.1', 'numpy': '2.2.6', 'pandas': '2.3.1'}",2b04a91
2025-09-09T13:04:33,ollama,http://localhost:11434,hf.co/tiiuae/Falcon3-3B-Instruct-GGUF:Q4_K_M,512,1,5,5,0,3.4698122279858814,156.14155025936466,0.8782646999985445,0.8822763329953887,1.3828413248003926,0.0,64,13,,mac,arm,,Apple Silicon MPS,,3.11.1,"{'httpx': '0.28.1', 'numpy': '2.2.6', 'pandas': '2.3.1'}",2b04a91
2025-09-09T13:04:35,ollama,http://localhost:11434,hf.co/tiiuae/Falcon3-3B-Instruct-GGUF:Q4_K_M,1024,1,5,5,0,3.4410944545796447,154.849250456084,0.8814507251998294,0.8812707920005778,1.3943533336001563,0.0,64,13,,mac,arm,,Apple Silicon MPS,,3.11.1,"{'httpx': '0.28.1', 'numpy': '2.2.6', 'pandas': '2.3.1'}",2b04a91
2025-09-09T13:04:38,ollama,http://localhost:11434,hf.co/Qwen/Qwen2.5-3B-Instruct-GGUF:Q4_K_M,1,1,5,5,0,4.656743661895316,125.73207887117354,0.21447056659962982,0.2136568330024602,0.2171489499989548,0.0,64,13,,mac,arm,,Apple Silicon MPS,,3.11.1,"{'httpx': '0.28.1', 'numpy': '2.2.6', 'pandas': '2.3.1'}",2b04a91
2025-09-09T13:04:39,ollama,http://localhost:11434,hf.co/Qwen/Qwen2.5-3B-Instruct-GGUF:Q4_K_M,2,1,5,5,0,5.1357828203738025,138.66613615009268,0.3503402418005862,0.3783889169935719,0.4032724834032706,0.0,64,13,,mac,arm,,Apple Silicon MPS,,3.11.1,"{'httpx': '0.28.1', 'numpy': '2.2.6', 'pandas': '2.3.1'}",2b04a91
2025-09-09T13:04:40,ollama,http://localhost:11434,hf.co/Qwen/Qwen2.5-3B-Instruct-GGUF:Q4_K_M,4,1,5,5,0,5.079039375885311,137.1340631489034,0.5603542998011107,0.6068060000034166,0.785553799601621,0.0,64,13,,mac,arm,,Apple Silicon MPS,,3.11.1,"{'httpx': '0.28.1', 'numpy': '2.2.6', 'pandas': '2.3.1'}",2b04a91
2025-09-09T13:04:42,ollama,http://localhost:11434,hf.co/Qwen/Qwen2.5-3B-Instruct-GGUF:Q4_K_M,8,1,5,5,0,5.093202856855344,137.51647713509428,0.6016852165994351,0.6016823749960167,0.9421430166010395,0.0,64,13,,mac,arm,,Apple Silicon MPS,,3.11.1,"{'httpx': '0.28.1', 'numpy': '2.2.6', 'pandas': '2.3.1'}",2b04a91
2025-09-09T13:04:43,ollama,http://localhost:11434,hf.co/Qwen/Qwen2.5-3B-Instruct-GGUF:Q4_K_M,16,1,5,5,0,5.080742525127308,137.18004817843732,0.6055297833998339,0.6039537500037113,0.9450718250023783,0.0,64,13,,mac,arm,,Apple Silicon MPS,,3.11.1,"{'httpx': '0.28.1', 'numpy': '2.2.6', 'pandas': '2.3.1'}",2b04a91
2025-09-09T13:04:44,ollama,http://localhost:11434,hf.co/Qwen/Qwen2.5-3B-Instruct-GGUF:Q4_K_M,32,1,5,5,0,4.768940275037817,128.76138742602106,0.6520888002021821,0.6481937499993364,1.0051820170032442,0.0,64,13,,mac,arm,,Apple Silicon MPS,,3.11.1,"{'httpx': '0.28.1', 'numpy': '2.2.6', 'pandas': '2.3.1'}",2b04a91
2025-09-09T13:04:46,ollama,http://localhost:11434,hf.co/Qwen/Qwen2.5-3B-Instruct-GGUF:Q4_K_M,64,1,5,5,0,4.9397982684771184,133.3745532488822,0.6198643832016387,0.6164083749972633,0.9710767748023499,0.0,64,13,,mac,arm,,Apple Silicon MPS,,3.11.1,"{'httpx': '0.28.1', 'numpy': '2.2.6', 'pandas': '2.3.1'}",2b04a91
2025-09-09T13:04:47,ollama,http://localhost:11434,hf.co/Qwen/Qwen2.5-3B-Instruct-GGUF:Q4_K_M,128,1,5,5,0,4.978315493202021,134.41451831645458,0.6169301916015684,0.614581416004512,0.9637535996022052,0.0,64,13,,mac,arm,,Apple Silicon MPS,,3.11.1,"{'httpx': '0.28.1', 'numpy': '2.2.6', 'pandas': '2.3.1'}",2b04a91
2025-09-09T13:04:48,ollama,http://localhost:11434,hf.co/Qwen/Qwen2.5-3B-Instruct-GGUF:Q4_K_M,256,1,5,5,0,4.962735848736303,133.99386791588017,0.614716058599879,0.6091855830018176,0.9665808253979775,0.0,64,13,,mac,arm,,Apple Silicon MPS,,3.11.1,"{'httpx': '0.28.1', 'numpy': '2.2.6', 'pandas': '2.3.1'}",2b04a91
2025-09-09T13:04:49,ollama,http://localhost:11434,hf.co/Qwen/Qwen2.5-3B-Instruct-GGUF:Q4_K_M,512,1,5,5,0,4.778979943450207,129.0324584731556,0.6380068668018793,0.6407442090057884,1.005089316802332,0.0,64,13,,mac,arm,,Apple Silicon MPS,,3.11.1,"{'httpx': '0.28.1', 'numpy': '2.2.6', 'pandas': '2.3.1'}",2b04a91
2025-09-09T13:04:51,ollama,http://localhost:11434,hf.co/Qwen/Qwen2.5-3B-Instruct-GGUF:Q4_K_M,1024,1,5,5,0,4.737054961094355,127.90048394954759,0.6480780081998091,0.6504730000015115,1.0145703577974927,0.0,64,13,,mac,arm,,Apple Silicon MPS,,3.11.1,"{'httpx': '0.28.1', 'numpy': '2.2.6', 'pandas': '2.3.1'}",2b04a91
2025-09-09T13:05:01,cloud,http://localhost:4000,azure-gpt5,1,1,5,5,0,0.5581357966926692,41.302048955257526,1.7915794999993522,1.9098477079969598,2.3282588498026597,0.0,64,13,,mac,arm,,Apple Silicon MPS,,3.11.1,"{'httpx': '0.28.1', 'numpy': '2.2.6', 'pandas': '2.3.1'}",2b04a91
2025-09-09T13:05:08,cloud,http://localhost:4000,azure-gpt5,2,1,5,5,0,0.9482971856924419,70.1739917412407,1.9297126246005063,1.8174101670010714,2.5351725410015207,0.0,64,13,,mac,arm,,Apple Silicon MPS,,3.11.1,"{'httpx': '0.28.1', 'numpy': '2.2.6', 'pandas': '2.3.1'}",2b04a91
2025-09-09T13:05:13,cloud,http://localhost:4000,azure-gpt5,4,1,5,5,0,1.6199465968398303,119.87604816614744,1.9395865918006165,2.137460459001886,2.247186116599187,0.0,64,13,,mac,arm,,Apple Silicon MPS,,3.11.1,"{'httpx': '0.28.1', 'numpy': '2.2.6', 'pandas': '2.3.1'}",2b04a91
2025-09-09T13:05:17,cloud,http://localhost:4000,azure-gpt5,8,1,5,5,0,2.706912745072358,175.94932842970326,1.6744163834009669,1.7872492079986841,1.8383637670005555,0.0,64,13,,mac,arm,,Apple Silicon MPS,,3.11.1,"{'httpx': '0.28.1', 'numpy': '2.2.6', 'pandas': '2.3.1'}",2b04a91
2025-09-09T13:05:22,cloud,http://localhost:4000,azure-gpt5,16,1,5,5,0,1.3639927376141434,100.93546258344662,2.467483516599168,2.210382874996867,3.5075321582029573,0.0,64,13,,mac,arm,,Apple Silicon MPS,,3.11.1,"{'httpx': '0.28.1', 'numpy': '2.2.6', 'pandas': '2.3.1'}",2b04a91
2025-09-09T13:05:26,cloud,http://localhost:4000,azure-gpt5,32,1,5,5,0,2.0453219487179224,132.94592666666495,1.8203508584017982,1.6854084170045098,2.3160557164010243,0.0,64,13,,mac,arm,,Apple Silicon MPS,,3.11.1,"{'httpx': '0.28.1', 'numpy': '2.2.6', 'pandas': '2.3.1'}",2b04a91
2025-09-09T13:05:29,cloud,http://localhost:4000,azure-gpt5,64,1,5,5,0,2.6477778908484857,195.93556392278794,1.7119402251992142,1.7200245419953717,1.8588947332042152,0.0,64,13,,mac,arm,,Apple Silicon MPS,,3.11.1,"{'httpx': '0.28.1', 'numpy': '2.2.6', 'pandas': '2.3.1'}",2b04a91
2025-09-09T13:05:35,cloud,http://localhost:4000,azure-gpt5,128,1,5,5,0,1.4157559218312552,104.76593821551289,2.017108941599145,1.655903250000847,3.243161466399033,0.0,64,13,,mac,arm,,Apple Silicon MPS,,3.11.1,"{'httpx': '0.28.1', 'numpy': '2.2.6', 'pandas': '2.3.1'}",2b04a91
2025-09-09T13:05:39,cloud,http://localhost:4000,azure-gpt5,256,1,5,5,0,2.1218848125844145,157.01947613124668,1.7028802999993786,1.4425527920029708,2.2795206829963717,0.0,64,13,,mac,arm,,Apple Silicon MPS,,3.11.1,"{'httpx': '0.28.1', 'numpy': '2.2.6', 'pandas': '2.3.1'}",2b04a91
2025-09-09T13:05:43,cloud,http://localhost:4000,azure-gpt5,512,1,5,5,0,2.2706735176791373,147.59377864914393,1.682441666800878,1.570946334002656,2.142693716597569,0.0,64,13,,mac,arm,,Apple Silicon MPS,,3.11.1,"{'httpx': '0.28.1', 'numpy': '2.2.6', 'pandas': '2.3.1'}",2b04a91
2025-09-09T13:05:48,cloud,http://localhost:4000,azure-gpt5,1024,1,5,5,0,1.6957186610242097,110.22171296657362,1.7511678914015647,1.4224192080000648,2.7214148917992134,0.0,64,13,,mac,arm,,Apple Silicon MPS,,3.11.1,"{'httpx': '0.28.1', 'numpy': '2.2.6', 'pandas': '2.3.1'}",2b04a91
